index	answer	question	image_path
0	long-lived memory cells	When B cells and T cells begin to replicate, what do some of their offspring cells become?	/home/khoina/LMUData/images/example_image_dir/10731.jpeg
1	adaptive	The function of long-lived memory cells is an example of what kind of immune response?	/home/khoina/LMUData/images/example_image_dir/10731.jpeg
2	passive short-term memory or active long-term memory	Immunological memory can take what two forms?	/home/khoina/LMUData/images/example_image_dir/10731.jpeg
3	pathogen	Long-lived memory cells can remember previous encounters with what?	/home/khoina/LMUData/images/example_image_dir/10731.jpeg
4	unanswerable	What happens when B cells and T cells are deactivated?	/home/khoina/LMUData/images/example_image_dir/10731.jpeg
5	unanswerable	What cells mount a weak response if a pathogen is detected again?	/home/khoina/LMUData/images/example_image_dir/10731.jpeg
6	unanswerable	What is not a form of immunological memory?	/home/khoina/LMUData/images/example_image_dir/10731.jpeg
7	unanswerable	Why are memory cells not considered adaptive?	/home/khoina/LMUData/images/example_image_dir/10731.jpeg
8	unanswerable	What cells are unable to remember specific pathogens?	/home/khoina/LMUData/images/example_image_dir/10731.jpeg
